Position,Track Name,Artist,Streams,date,region,spotify_id
1,rockstar,Post Malone,9855305,2018-01-05--2018-01-12,us,7wGoVu4Dady5GV0Sv4UIsx
2,Finesse - Remix; feat. Cardi B,Bruno Mars,8504248,2018-01-05--2018-01-12,us,3Vo4wInECJQuz9BIBMOu8i
3,No Limit,G-Eazy,7685058,2018-01-05--2018-01-12,us,2DQ1ITjI0YoLFzuADN1ZBW
4,Bartier Cardi (feat. 21 Savage),Cardi B,7439471,2018-01-05--2018-01-12,us,75FDPwaULRdYDn4StFN2rT
5,I Fall Apart,Post Malone,6971450,2018-01-05--2018-01-12,us,75ZvA4QfFiZvzhj2xkaWAh
6,Ric Flair Drip (& Metro Boomin),Offset,6419256,2018-01-05--2018-01-12,us,7sO5G9EABYOXQKNPNiE9NR
7,All The Stars (with SZA),Kendrick Lamar,6406373,2018-01-05--2018-01-12,us,66kQ7wr4d2LwwSjr7HXcyr
8,Him & I (with Halsey),G-Eazy,6239280,2018-01-05--2018-01-12,us,5k38wzpLb15YgncyWdTZE4
9,Havana,Camila Cabello,5860925,2018-01-05--2018-01-12,us,0ofbQMrRDsUaVKq2mGLEAb
10,LOVE. FEAT. ZACARI.,Kendrick Lamar,5657847,2018-01-05--2018-01-12,us,6PGoSes0D9eUDeeAafB2As
11,Codeine Dreaming (feat. Lil Wayne),Kodak Black,5505158,2018-01-05--2018-01-12,us,4DTpngLjoHj5gFxEZFeD3J
12,Let You Down,NF,5215443,2018-01-05--2018-01-12,us,6mrKP2jyIQmM0rw6fQryjr
13,Candy Paint,Post Malone,5110437,2018-01-05--2018-01-12,us,42CeaId2XNlxugDvyqHfDf
14,Filthy,Justin Timberlake,5048103,2018-01-05--2018-01-12,us,1L3NV7VrCiuE8C5QlhdeQL
15,Gucci Gang,Lil Pump,4996794,2018-01-05--2018-01-12,us,43ZyHQITOjhciSUUNPVRHc
16,River (feat. Ed Sheeran),Eminem,4875212,2018-01-05--2018-01-12,us,5UEnHoDYpsxlfzWLZIc7LD
17,XO Tour Llif3,Lil Uzi Vert,4828478,2018-01-05--2018-01-12,us,7GX5flRQZVHRAGd6B4TmDO
18,PICK IT UP (feat. A$AP Rocky),Famous Dex,4680932,2018-01-05--2018-01-12,us,3ncgNpxLoBQ65ABk4djDyd
19,"Let Me Go (with Alesso, Florida Georgia Line & watt)",Hailee Steinfeld,4589237,2018-01-05--2018-01-12,us,5AEtlRudpgdT5FtNiuly6Y
20,Meant to Be (feat. Florida Georgia Line),Bebe Rexha,4497907,2018-01-05--2018-01-12,us,7iDa6hUg2VgEL1o1HjmfBn
21,MotorSport,Migos,4457378,2018-01-05--2018-01-12,us,1YZfcVLbbJwfizR5cDOp3q
22,Bank Account,21 Savage,4419534,2018-01-05--2018-01-12,us,2fQrGHiQOvpL9UgPvtYy6G
23,Wolves,Selena Gomez,4409183,2018-01-05--2018-01-12,us,7EmGUiUaOSGDnUUQUDrOXC
24,Too Good At Goodbyes,Sam Smith,4362005,2018-01-05--2018-01-12,us,1mXVgsBdtIVeCLJnSnmtdV
25,Plain Jane,A$AP Ferg,4361670,2018-01-05--2018-01-12,us,4dVpf9jZjcORqGTLUaeYj9
26,HUMBLE.,Kendrick Lamar,4306140,2018-01-05--2018-01-12,us,7KXjTSCq5nL1LoYtL7XAwS
27,Sky Walker (feat. Travis Scott),Miguel,4290792,2018-01-05--2018-01-12,us,5WoaF1B5XIEnWfmb5NZikf
28,Perfect,Ed Sheeran,4268123,2018-01-05--2018-01-12,us,0tgVpDi06FyKpA1z0VMD4v
29,New Rules,Dua Lipa,4227667,2018-01-05--2018-01-12,us,2ekn2ttSfGqwhhate0LSR0
30,Congratulations,Post Malone,4113995,2018-01-05--2018-01-12,us,3a1lNhkSLSkpJE4MSHpDu9
31,Young Dumb & Broke,Khalid,4014104,2018-01-05--2018-01-12,us,5Z3GHaZ6ec9bsiI5BenrbY
32,Betrayed,Lil Xan,3929719,2018-01-05--2018-01-12,us,6NWl2m8asvH83xjuXVNsuG
33,Silence,Marshmello,3884863,2018-01-05--2018-01-12,us,7vGuf3Y35N4wmASOKLUVVU
34,Never Be the Same,Camila Cabello,3815871,2018-01-05--2018-01-12,us,6VpQdig9pdpTSIFItgkJV5
35,1-800-273-8255,Logic,3745379,2018-01-05--2018-01-12,us,5tz69p7tJuGPeMGwNTxYuV
36,What Lovers Do (feat. SZA),Maroon 5,3728239,2018-01-05--2018-01-12,us,3hBBKuWJfxlIlnd9QFoC8k
37,Stir Fry,Migos,3700208,2018-01-05--2018-01-12,us,4fndbjoz1qJyK6JcLdKfzm
38,Tell Me You Love Me,Demi Lovato,3688248,2018-01-05--2018-01-12,us,5Htb1uFQ1KrkFXlefS8oGj
39,I Get the Bag (feat. Migos),Gucci Mane,3648863,2018-01-05--2018-01-12,us,1XRgIKC5TPwo7nWGyKqgG0
40,Bodak Yellow,Cardi B,3615183,2018-01-05--2018-01-12,us,2771LMNxwf62FTAdpJMQfM
41,Bad At Love,Halsey,3459502,2018-01-05--2018-01-12,us,7y9iMe8SOB6z3NoHE2OfXl
42,goosebumps,Travis Scott,3327102,2018-01-05--2018-01-12,us,6gBFPUFcJLzWGx4lenP6h2
43,BUTTERFLY EFFECT,Travis Scott,3257935,2018-01-05--2018-01-12,us,1yxgsra98r3qAtxqiGZPiX
44,Thunder,Imagine Dragons,3252233,2018-01-05--2018-01-12,us,0tKcYR2II1VCQWT79i5NrW
45,Roll In Peace (feat. XXXTENTACION),Kodak Black,3212271,2018-01-05--2018-01-12,us,40oKW22ZNNkEdZLJTScaQI
46,End Game,Taylor Swift,3164402,2018-01-05--2018-01-12,us,2x0WlnmfG39ZuDmstl9xfX
47,Location,Khalid,3163879,2018-01-05--2018-01-12,us,152lZdxL1OR0ZMW6KquMif
48,The Way Life Goes (feat. Oh Wonder),Lil Uzi Vert,3090793,2018-01-05--2018-01-12,us,2eAZfqOm4EnOF9VvN50Tyc
49,Unforgettable,French Montana,3036983,2018-01-05--2018-01-12,us,3B54sVLJ402zGa6Xm4YGNe
50,Wanted You (feat. Lil Uzi Vert),NAV,3012676,2018-01-05--2018-01-12,us,790MhTXPFrYkrqCKvpg4t1
51,Sorry Not Sorry,Demi Lovato,2956614,2018-01-05--2018-01-12,us,3m660poUr1chesgkkjQM7P
52,Jocelyn Flores,XXXTENTACION,2952867,2018-01-05--2018-01-12,us,7m9OqQk4RVRkw9JJdeAw96
53,Perfect Duet (Ed Sheeran & Beyoncé),Ed Sheeran,2868264,2018-01-05--2018-01-12,us,1bhUWB0zJMIKr9yVPrkEuI
54,Rewrite The Stars,Zac Efron,2833539,2018-01-05--2018-01-12,us,630sXRhIcfwr2e4RdNtjKN
55,Fuck Love (feat. Trippie Redd),XXXTENTACION,2813994,2018-01-05--2018-01-12,us,7AQim7LbvFVZJE3O8TYgf2
56,IDGAF,Dua Lipa,2801608,2018-01-05--2018-01-12,us,76cy1WJvNGJTj78UqeA5zr
57,Saint,Huncho Jack,2787070,2018-01-05--2018-01-12,us,7foypmc7KZyU716Yv63BPe
58,I Miss You (feat. Julia Michaels),Clean Bandit,2701157,2018-01-05--2018-01-12,us,2xmrfQpmS2iJExTlklLoAL
59,Rubbin Off The Paint,YBN Nahmir,2692281,2018-01-05--2018-01-12,us,0taOCiup4HNG9LmbduVlJj
60,Nowadays (feat. Landon Cube),Lil Skies,2613131,2018-01-05--2018-01-12,us,2u7mxWSeoqTXndK5e08jMp
61,Ghostface Killers,21 Savage,2603261,2018-01-05--2018-01-12,us,5u6vkDnOyaf8LsteDAj2ub
62,Slippery (feat. Gucci Mane),Migos,2593273,2018-01-05--2018-01-12,us,6p8NuHm8uCGnn2Dtbtf7zE
63,This Is Me,Keala Settle,2570227,2018-01-05--2018-01-12,us,2xGjteMU3E1tkEPVFBO08U
64,Designer,Lil Pump,2567244,2018-01-05--2018-01-12,us,1LXbv9jiTtdBdHadZ317Gt
65,Drowning (feat. Kodak Black),A Boogie Wit da Hoodie,2494436,2018-01-05--2018-01-12,us,1f5cbQtDrykjarZVrShaDI
66,GUMMO,6ix9ine,2484706,2018-01-05--2018-01-12,us,2vjmyyAnDUzilFYxOlTdO1
67,DNA.,Kendrick Lamar,2484315,2018-01-05--2018-01-12,us,6HZILIRieu8S0iqY8kIKhj
68,Shape of You,Ed Sheeran,2464024,2018-01-05--2018-01-12,us,7qiZfU4dY1lWllzX7mPBI3
69,Go Flex,Post Malone,2341546,2018-01-05--2018-01-12,us,5yuShbu70mtHXY0yLzCQLQ
70,Real Friends,Camila Cabello,2339051,2018-01-05--2018-01-12,us,4V6MRo0CEAC9MwAm7dkPuL
71,Échame La Culpa,Luis Fonsi,2337131,2018-01-05--2018-01-12,us,1zsG4eaZmkA1dvjDDsAGLK
72,Feel It Still,Portugal. The Man,2306298,2018-01-05--2018-01-12,us,6QgjcU0zLnzq5OrUoSZ3OK
73,Dubai Shit,Huncho Jack,2303477,2018-01-05--2018-01-12,us,6urLjX35oXXRYtcH1b3dCh
74,The Greatest Show,Hugh Jackman,2302090,2018-01-05--2018-01-12,us,43ay9lQZ5rfNcOOHhRF2cM
75,How Long,Charlie Puth,2287917,2018-01-05--2018-01-12,us,32DGGj6KlNuBr6WaqRxpxi
76,Believer,Imagine Dragons,2281315,2018-01-05--2018-01-12,us,0CcQNd8CINkwQfe1RDtGV6
77,"Home (with Machine Gun Kelly, X Ambassadors & Bebe Rexha)",Machine Gun Kelly,2267969,2018-01-05--2018-01-12,us,0OI7AFifLSoGzpb8bdBLLV
78,MIC Drop (feat. Desiigner) [Steve Aoki Remix],BTS,2264515,2018-01-05--2018-01-12,us,7Ed6BkggCS2KaKY5YlINaF
79,Go Legend (& Metro Boomin),Big Sean,2233975,2018-01-05--2018-01-12,us,3wAI7MIQtTgwcRmwchPZBc
80,Body Like A Back Road,Sam Hunt,2183403,2018-01-05--2018-01-12,us,7mldq42yDuxiUNn08nvzHO
81,Sober,G-Eazy,2145086,2018-01-05--2018-01-12,us,3qk4wRMDlaeagZGjSYbsOV
82,Never Enough,Loren Allred,2138590,2018-01-05--2018-01-12,us,0Gl5s8IhMmQE5YQwM8Qx1J
83,A Million Dreams,Ziv Zaifman,2117766,2018-01-05--2018-01-12,us,0RoA7ObU6phWpqhlC9zH4Z
84,Love Galore (feat. Travis Scott),SZA,2106003,2018-01-05--2018-01-12,us,0q75NwOoFiARAVp4EXU4Bs
85,Redbone,Childish Gambino,2096245,2018-01-05--2018-01-12,us,3kxfsdsCpFgN412fpnW85Y
86,Rake It Up (feat. Nicki Minaj),Yo Gotti,2093230,2018-01-05--2018-01-12,us,4knL4iPxPOZjQzTUlELGSY
87,Plain Jane REMIX (feat. Nicki Minaj),A$AP Ferg,2066321,2018-01-05--2018-01-12,us,2YzmfPLqUx5CJOaw5ThsBV
88,Ice Tray,Quality Control,2065643,2018-01-05--2018-01-12,us,3wdfLVUhmX64lIyWIIEW8s
89,For You (Fifty Shades Freed) (& Rita Ora),Liam Payne,2045781,2018-01-05--2018-01-12,us,5hM6sP0Gh1jD57drszNueC
90,New Freezer (feat. Kendrick Lamar),Rich The Kid,2035386,2018-01-05--2018-01-12,us,4pYZLpX23Vx8rwDpJCpPTA
91,White Iverson,Post Malone,2016953,2018-01-05--2018-01-12,us,6eT7xZZlB2mwyzJ2sUKG6w
92,Sensualidad,Bad Bunny,2011856,2018-01-05--2018-01-12,us,5hcisvFMidkMJlElTO9Qmw
93,Magnolia,Playboi Carti,2011792,2018-01-05--2018-01-12,us,1e1JKLEDKP7hEQzJfNAgPl
94,The Other Side,Hugh Jackman,2010275,2018-01-05--2018-01-12,us,2cKovq3l6OJjhVVDbVKOsr
95,Attention,Charlie Puth,1974154,2018-01-05--2018-01-12,us,4iLqG9SeJSnt0cSPICSjxv
96,Mask Off,Future,1972464,2018-01-05--2018-01-12,us,0VgkVdmE4gld66l8iyGjgx
97,Losin Control,Russ,1959396,2018-01-05--2018-01-12,us,4cxMGhkinTocPSVVKWIw0d
98,Wait,Maroon 5,1954887,2018-01-05--2018-01-12,us,1Qg9jWGDkKAGZXj5v2OG59
99,The Weekend,SZA,1942835,2018-01-05--2018-01-12,us,6gU9OKjOE7ghfEd55oRO57
100,Sauce It Up,Lil Uzi Vert,1921901,2018-01-05--2018-01-12,us,1uL78kFWxhz3umTMWJu8n5
101,That's What I Like,Bruno Mars,1904034,2018-01-05--2018-01-12,us,0KKkJNfGyhkQ5aFogxQAPU
102,Relationship (feat. Future),Young Thug,1874545,2018-01-05--2018-01-12,us,25oOaleife6E2MIKmFkPvg
103,Marry Me,Thomas Rhett,1861312,2018-01-05--2018-01-12,us,0OWZFobGSIW9GrSlQ9C5pc
104,Delicate,Taylor Swift,1856942,2018-01-05--2018-01-12,us,6NFyWDv5CjfwuzoCkw47Xf
105,Say You Won't Let Go,James Arthur,1850900,2018-01-05--2018-01-12,us,5uCax9HTNlzGybIStD3vDh
106,Tip Toe (feat. French Montana),Jason Derulo,1831110,2018-01-05--2018-01-12,us,2z4pcBLQXF2BXKFvd0BuB6
107,The Weekend - Funk Wav Remix,SZA,1828254,2018-01-05--2018-01-12,us,0P6AWOA4LG1XOctzaVu5tt
108,What Ifs (feat. Lauren Alaina),Kane Brown,1813165,2018-01-05--2018-01-12,us,7zVCrzzEJU7u24sbJPXA5W
109,It's A Vibe,2 Chainz,1807133,2018-01-05--2018-01-12,us,6H0AwSQ20mo62jGlPGB8S6
110,iSpy (feat. Lil Yachty),KYLE,1798190,2018-01-05--2018-01-12,us,2EEeOnHehOozLq4aS0n6SL
111,Dark Knight Dummo (Feat. Travis Scott),Trippie Redd,1796584,2018-01-05--2018-01-12,us,3YeJXuRSNS5FYwOsDu44kD
112,Dusk Till Dawn - Radio Edit,ZAYN,1794457,2018-01-05--2018-01-12,us,1j4kHkkpqZRBwE0A4CN4Yv
113,Despacito - Remix,Luis Fonsi,1790194,2018-01-05--2018-01-12,us,5CtI0qwDJkDQGwXD1H1cLb
114,So Far Away (feat. Jamie Scott & Romy Dya),Martin Garrix,1782571,2018-01-05--2018-01-12,us,0OlnLZY4cmQzT6ZGttvWBM
115,Mi Gente,J Balvin,1780184,2018-01-05--2018-01-12,us,2rb5MvYT7ZIxbKW5hfcHx8
116,Transportin',Kodak Black,1775232,2018-01-05--2018-01-12,us,1WIZiOuNO3woKfdlSK2gNn
117,La Modelo,Ozuna,1771671,2018-01-05--2018-01-12,us,2m2ZGfJcs3lHWNPzhWH3XH
118,Everybody Dies In Their Nightmares,XXXTENTACION,1765206,2018-01-05--2018-01-12,us,3GVkPk8mqxz0itaAriG1L7
119,Bad and Boujee (feat. Lil Uzi Vert),Migos,1765016,2018-01-05--2018-01-12,us,4Km5HrUvYTaSUfiSGPJeQR
120,"I'm the One (feat. Justin Bieber, Quavo, Chance the Rapper & Lil Wayne)",DJ Khaled,1759652,2018-01-05--2018-01-12,us,3DXncPQOG4VBw3QHh3S817
121,Strip That Down,Liam Payne,1752779,2018-01-05--2018-01-12,us,6EpRaXYhGOB3fj4V2uDkMJ
122,Corazón,Maluma,1752229,2018-01-05--2018-01-12,us,4lESS6vuruP6a79KWRaQou
123,Bounce Back,Big Sean,1739236,2018-01-05--2018-01-12,us,0SGkqnVQo9KPytSri1H6cF
124,Crew (feat. Brent Faiyaz & Shy Glizzy),GoldLink,1735913,2018-01-05--2018-01-12,us,15EPc80XuFrb2LmOzGjuRg
125,I Like Me Better,Lauv,1728903,2018-01-05--2018-01-12,us,1wjzFQodRWrPcQ0AnYnvQ9
126,Look What You Made Me Do,Taylor Swift,1722083,2018-01-05--2018-01-12,us,5troof8mcGO3AafoDbk1gc
127,Red Roses (feat. Landon Cube),Lil Skies,1713795,2018-01-05--2018-01-12,us,3ZhTT6yjZwpPph5MIJ53XY
128,Icon,Jaden,1710412,2018-01-05--2018-01-12,us,22nyEAEM29tcBRhukR089b
129,do re mi,blackbear,1708449,2018-01-05--2018-01-12,us,3Q3myFA7q4Op95DOpHplaY
130,Passionfruit,Drake,1701407,2018-01-05--2018-01-12,us,7hDc8b7IXETo14hHIHdnhd
131,Tunnel Vision,Kodak Black,1694705,2018-01-05--2018-01-12,us,4Q3N4Ct4zCuIHuZ65E3BD4
132,The Race,Tay-K,1680632,2018-01-05--2018-01-12,us,3wGXyJGsCf1myH5MooQIqE
133,LOYALTY. FEAT. RIHANNA.,Kendrick Lamar,1669562,2018-01-05--2018-01-12,us,6SwRhMLwNqEi6alNPVG00n
134,Modern Slavery,Huncho Jack,1666931,2018-01-05--2018-01-12,us,7J6bnDDitOwfelaJNixHhL
135,Come Alive,Hugh Jackman,1637167,2018-01-05--2018-01-12,us,5xNUR50KxswPRAvx7S163g
136,...Ready For It?,Taylor Swift,1622079,2018-01-05--2018-01-12,us,2yLa0QULdQr0qAIvVwN6B5
137,No Role Modelz,J. Cole,1592429,2018-01-05--2018-01-12,us,62vpWI1CHwFy7tMIcSStl8
138,Love Scars,Trippie Redd,1583728,2018-01-05--2018-01-12,us,0AICBlLzFCTpUqmAbtzB2z
139,wokeuplikethis*,Playboi Carti,1583435,2018-01-05--2018-01-12,us,59J5nzL1KniFHnU120dQzt
140,From Now On,Hugh Jackman,1576833,2018-01-05--2018-01-12,us,3IkWmgGsXbsafrunwPojXO
141,"Pills & Automobiles (feat. Yo Gotti, A Boogie Wit Da Hoodie & Kodak Black)",Chris Brown,1568534,2018-01-05--2018-01-12,us,5gx2E5aIXMRBellPZW1up5
142,Black & Chinese,Huncho Jack,1567787,2018-01-05--2018-01-12,us,628Ueb4sRiXApObhcU9iPU
143,The Way Life Goes (feat. Nicki Minaj & Oh Wonder) - Remix,Lil Uzi Vert,1550003,2018-01-05--2018-01-12,us,6GNifiuBPrKFpwNBYnooFm
144,Look At Me!,XXXTENTACION,1537449,2018-01-05--2018-01-12,us,6eYxmK9fdL4hwLnXG2zY3s
145,Something Just Like This,The Chainsmokers,1525089,2018-01-05--2018-01-12,us,6RUKPb4LETWmmr3iAEQktW
146,Closer,The Chainsmokers,1522209,2018-01-05--2018-01-12,us,7BKLCZ1jbUBVqRi2FVlTVw
147,KOODA,6ix9ine,1517198,2018-01-05--2018-01-12,us,5NT0aZqWImC9fTzkW4z48o
148,T-Shirt,Migos,1501830,2018-01-05--2018-01-12,us,7KOlJ92bu51cltsD9KU5I7
149,Unforgettable,Thomas Rhett,1497973,2018-01-05--2018-01-12,us,30MM5jWpUmOxtTNd9Ey5LZ
150,Sucker for You,Matt Terry,1490807,2018-01-05--2018-01-12,us,4vkVvmjIiQibQ6zJnC1Q9z
151,beibs in the trap,Travis Scott,1465946,2018-01-05--2018-01-12,us,0ESJlaM8CE1jRWaNtwSNj8
152,There's Nothing Holdin' Me Back,Shawn Mendes,1460160,2018-01-05--2018-01-12,us,79cuOz3SPQTuFrp8WgftAu
153,Fake Love,Drake,1457879,2018-01-05--2018-01-12,us,343YBumqHu19cGoGARUTsd
154,Slow Hands,Niall Horan,1457857,2018-01-05--2018-01-12,us,38yBBH2jacvDxrznF7h08J
155,Starboy,The Weeknd,1448094,2018-01-05--2018-01-12,us,5aAx2yezTd8zXrkmtKl66Z
156,20 Min,Lil Uzi Vert,1437753,2018-01-05--2018-01-12,us,0uxSUdBrJy9Un0EYoBowng
157,Lemon,N.E.R.D,1435805,2018-01-05--2018-01-12,us,4PpuH4mxL0rD35mOWaLoKS
158,All Falls Down (feat. Juliander),Alan Walker,1433607,2018-01-05--2018-01-12,us,5yFSF6qQA1rcLsQRnBsZgb
159,PRBLMS,6LACK,1431986,2018-01-05--2018-01-12,us,4AtZRwSR8BOTTQg5ihSggt
160,Caroline,Aminé,1429040,2018-01-05--2018-01-12,us,5hTpBe8h35rJ67eAWHQsJx
161,Praying,Kesha,1428118,2018-01-05--2018-01-12,us,0jdny0dhgjUwoIp5GkqEaA
162,Tightrope,Michelle Williams,1421904,2018-01-05--2018-01-12,us,0GVuLQtPXFaL18ijEOqoAa
163,Greatest Love Story,LANCO,1416416,2018-01-05--2018-01-12,us,0kdiUZDcLIFw0Buo9r0Q4z
164,Die For You,The Weeknd,1410265,2018-01-05--2018-01-12,us,2LBqCSwhJGcFQeTHMVGwy3
165,Don't,Bryson Tiller,1405568,2018-01-05--2018-01-12,us,3pXF1nA74528Edde4of9CC
166,Wild Thoughts (feat. Rihanna & Bryson Tiller),DJ Khaled,1405347,2018-01-05--2018-01-12,us,1OAh8uOEOvTDqkKFsKksCi
167,No Option,Post Malone,1404404,2018-01-05--2018-01-12,us,6M0IsaUX4GNyto4niSegfI
168,Se Preparó,Ozuna,1394352,2018-01-05--2018-01-12,us,1m69ELEgE6k5ZWsap40ozt
169,In Case You Didn't Know,Brett Young,1390749,2018-01-05--2018-01-12,us,10M2Ex445zw585Ducldzkw
170,Issues,Julia Michaels,1386971,2018-01-05--2018-01-12,us,7vu0JkJh0ldukEYbTVcqd0
171,Yours,Russell Dickerson,1376080,2018-01-05--2018-01-12,us,6RSNKGdv3nDTHqgw4bdzyF
172,Broccoli (feat. Lil Yachty),DRAM,1357126,2018-01-05--2018-01-12,us,7yyRTcZmCiyzzJlNzGC9Ol
173,Stay,Zedd,1356040,2018-01-05--2018-01-12,us,0I20rLT2MJDhcF96AjbNYo
174,Glorious (feat. Skylar Grey),Macklemore,1352221,2018-01-05--2018-01-12,us,0CokSRCu5hZgPxcZBaEzVE
175,You Broke Up with Me,Walker Hayes,1350906,2018-01-05--2018-01-12,us,5jZF1nvKORdaHNjNNMRbFl
176,Money Longer,Lil Uzi Vert,1343948,2018-01-05--2018-01-12,us,0B8QzDH7YWih85V5SEMnyJ
177,Exchange,Bryson Tiller,1343059,2018-01-05--2018-01-12,us,43PuMrRfbyyuz4QpZ3oAwN
178,First Day Out,Tee Grizzley,1342572,2018-01-05--2018-01-12,us,3muBQDekYAg7jm6hDu6R0Z
179,Myself,NAV,1339080,2018-01-05--2018-01-12,us,05nbZ1xxVNwUTcGwLbp7CN
180,Poles 1469,Trippie Redd,1336349,2018-01-05--2018-01-12,us,4fC5jw1TI59GH1emfN1wtk
181,One Dance,Drake,1334327,2018-01-05--2018-01-12,us,1xznGGDReH1oQq0xzbwXa3
182,Craving You,Thomas Rhett,1331187,2018-01-05--2018-01-12,us,2d48mamATjby7wgPjdrSOQ
183,Bring It Back (with Drake & Mike WiLL Made-It),Trouble,1330606,2018-01-05--2018-01-12,us,6wQlT5VQU5eM4NYBIJ6wO5
184,Saved,Khalid,1327023,2018-01-05--2018-01-12,us,248OFOZef6ShXv6DGgbnxU
185,X (feat. Future),21 Savage,1317977,2018-01-05--2018-01-12,us,6fwdbPMwP1zVStm8FybmkO
186,When It Rains It Pours,Luke Combs,1312635,2018-01-05--2018-01-12,us,1mMLMZYXkMueg65jRRWG1l
187,Heartache On The Dance Floor,Jon Pardi,1308623,2018-01-05--2018-01-12,us,0w3Q14i073jLoew1hgJkwD
188,Criminal,Natti Natasha,1304797,2018-01-05--2018-01-12,us,6Za3190Sbw39BBC77WSS1C
189,Anywhere,Rita Ora,1304729,2018-01-05--2018-01-12,us,7EI6Iki24tBHAMxtb4xQN2
190,Portland,Drake,1303804,2018-01-05--2018-01-12,us,2bjwRfXMk4uRgOD9IBYl9h
191,Mayores,Becky G,1300513,2018-01-05--2018-01-12,us,7JNh1cfm0eXjqFVOzKLyau
192,"I Don’t Wanna Live Forever (Fifty Shades Darker) - From ""Fifty Shades Darker (Original Motion Picture Soundtrack)""",ZAYN,1299033,2018-01-05--2018-01-12,us,3NdDpSvN911VPGivFlV5d0
193,Eye 2 Eye,Huncho Jack,1295916,2018-01-05--2018-01-12,us,4vwfOiyWxXeEdx4ejAJgdx
194,Havana - Remix,Camila Cabello,1276913,2018-01-05--2018-01-12,us,3whrwq4DtvucphBPUogRuJ
195,Danger (with Migos & Marshmello),Migos,1276157,2018-01-05--2018-01-12,us,0nhVrTiCGiGRCoZOJiWzm1
196,So Good (& Metro Boomin),Big Sean,1273030,2018-01-05--2018-01-12,us,0fWBFDRTIuk8ZgNdZqhCer
197,Motorcycle Patches,Huncho Jack,1272767,2018-01-05--2018-01-12,us,7g7raxdQpiLZT7aOlib4S1
198,pick up the phone,Young Thug,1270760,2018-01-05--2018-01-12,us,20dP2DaMHIAmwWAbp7peSr
199,Now Or Never,Halsey,1263910,2018-01-05--2018-01-12,us,7i2DJ88J7jQ8K7zqFX2fW8
200,Good Old Days (feat. Kesha),Macklemore,1253378,2018-01-05--2018-01-12,us,2Za1AlJNvksouPPWbXpR2X
1,rockstar,Post Malone,9029173,2018-01-12--2018-01-19,us,7wGoVu4Dady5GV0Sv4UIsx
2,Havana (feat. Young Thug),Camila Cabello,7603077,2018-01-12--2018-01-19,us,1rfofaqEpACxVEHIZBJe6W
3,Finesse - Remix; feat. Cardi B,Bruno Mars,7415653,2018-01-12--2018-01-19,us,3Vo4wInECJQuz9BIBMOu8i
4,No Limit,G-Eazy,7180976,2018-01-12--2018-01-19,us,2DQ1ITjI0YoLFzuADN1ZBW
5,Never Be the Same,Camila Cabello,6865390,2018-01-12--2018-01-19,us,4eWQlBRaTjPPUlzacqEeoQ
6,I Fall Apart,Post Malone,6657315,2018-01-12--2018-01-19,us,75ZvA4QfFiZvzhj2xkaWAh
7,Bartier Cardi (feat. 21 Savage),Cardi B,6578144,2018-01-12--2018-01-19,us,75FDPwaULRdYDn4StFN2rT
8,Ric Flair Drip (& Metro Boomin),Offset,6254776,2018-01-12--2018-01-19,us,7sO5G9EABYOXQKNPNiE9NR
9,All The Stars (with SZA),Kendrick Lamar,6083734,2018-01-12--2018-01-19,us,12SJpYZEdj4kzWZ8FPFg4Y
10,Him & I (with Halsey),G-Eazy,5682309,2018-01-12--2018-01-19,us,5k38wzpLb15YgncyWdTZE4
11,LOVE. FEAT. ZACARI.,Kendrick Lamar,5385632,2018-01-12--2018-01-19,us,6PGoSes0D9eUDeeAafB2As
12,Codeine Dreaming (feat. Lil Wayne),Kodak Black,5278741,2018-01-12--2018-01-19,us,4DTpngLjoHj5gFxEZFeD3J
13,Let You Down,NF,5102701,2018-01-12--2018-01-19,us,6mrKP2jyIQmM0rw6fQryjr
14,PICK IT UP (feat. A$AP Rocky),Famous Dex,4912350,2018-01-12--2018-01-19,us,3ncgNpxLoBQ65ABk4djDyd
15,Candy Paint,Post Malone,4761542,2018-01-12--2018-01-19,us,42CeaId2XNlxugDvyqHfDf
16,XO Tour Llif3,Lil Uzi Vert,4731679,2018-01-12--2018-01-19,us,7GX5flRQZVHRAGd6B4TmDO
17,My My My!,Troye Sivan,4518045,2018-01-12--2018-01-19,us,2Tq2R8sRftNEqdgJK5HadO
18,MotorSport,Migos,4491454,2018-01-12--2018-01-19,us,1YZfcVLbbJwfizR5cDOp3q
19,Bank Account,21 Savage,4451280,2018-01-12--2018-01-19,us,2fQrGHiQOvpL9UgPvtYy6G
20,Gucci Gang,Lil Pump,4415024,2018-01-12--2018-01-19,us,43ZyHQITOjhciSUUNPVRHc
21,River (feat. Ed Sheeran),Eminem,4396983,2018-01-12--2018-01-19,us,5UEnHoDYpsxlfzWLZIc7LD
22,Meant to Be (feat. Florida Georgia Line),Bebe Rexha,4356135,2018-01-12--2018-01-19,us,7iDa6hUg2VgEL1o1HjmfBn
23,"Let Me Go (with Alesso, Florida Georgia Line & watt)",Hailee Steinfeld,4348017,2018-01-12--2018-01-19,us,5AEtlRudpgdT5FtNiuly6Y
24,Plain Jane,A$AP Ferg,4284187,2018-01-12--2018-01-19,us,4dVpf9jZjcORqGTLUaeYj9
25,Stir Fry,Migos,4228882,2018-01-12--2018-01-19,us,4fndbjoz1qJyK6JcLdKfzm
26,HUMBLE.,Kendrick Lamar,4186347,2018-01-12--2018-01-19,us,7KXjTSCq5nL1LoYtL7XAwS
27,Sky Walker (feat. Travis Scott),Miguel,4169796,2018-01-12--2018-01-19,us,5WoaF1B5XIEnWfmb5NZikf
28,Wolves,Selena Gomez,4112387,2018-01-12--2018-01-19,us,7EmGUiUaOSGDnUUQUDrOXC
29,End Game,Taylor Swift,4109073,2018-01-12--2018-01-19,us,2x0WlnmfG39ZuDmstl9xfX
30,Rewrite The Stars,Zac Efron,4102993,2018-01-12--2018-01-19,us,630sXRhIcfwr2e4RdNtjKN
31,Perfect,Ed Sheeran,4088057,2018-01-12--2018-01-19,us,0tgVpDi06FyKpA1z0VMD4v
32,Congratulations,Post Malone,4058217,2018-01-12--2018-01-19,us,3a1lNhkSLSkpJE4MSHpDu9
33,Betrayed,Lil Xan,3949122,2018-01-12--2018-01-19,us,6NWl2m8asvH83xjuXVNsuG
34,Young Dumb & Broke,Khalid,3830419,2018-01-12--2018-01-19,us,5Z3GHaZ6ec9bsiI5BenrbY
35,Too Good At Goodbyes,Sam Smith,3722732,2018-01-12--2018-01-19,us,1mXVgsBdtIVeCLJnSnmtdV
36,I Get the Bag (feat. Migos),Gucci Mane,3669500,2018-01-12--2018-01-19,us,1XRgIKC5TPwo7nWGyKqgG0
37,Real Friends,Camila Cabello,3632851,2018-01-12--2018-01-19,us,3iq9nhbI8fcnNamxMft1uv
38,New Rules,Dua Lipa,3618067,2018-01-12--2018-01-19,us,2ekn2ttSfGqwhhate0LSR0
39,IDGAF,Dua Lipa,3592056,2018-01-12--2018-01-19,us,76cy1WJvNGJTj78UqeA5zr
40,1-800-273-8255,Logic,3571507,2018-01-12--2018-01-19,us,5tz69p7tJuGPeMGwNTxYuV
41,Bodak Yellow,Cardi B,3492095,2018-01-12--2018-01-19,us,2771LMNxwf62FTAdpJMQfM
42,What Lovers Do (feat. SZA),Maroon 5,3375294,2018-01-12--2018-01-19,us,3hBBKuWJfxlIlnd9QFoC8k
43,Tell Me You Love Me,Demi Lovato,3372112,2018-01-12--2018-01-19,us,5Htb1uFQ1KrkFXlefS8oGj
44,Nowadays (feat. Landon Cube),Lil Skies,3350924,2018-01-12--2018-01-19,us,2u7mxWSeoqTXndK5e08jMp
45,Roll In Peace (feat. XXXTENTACION),Kodak Black,3287451,2018-01-12--2018-01-19,us,40oKW22ZNNkEdZLJTScaQI
46,Silence,Marshmello,3251163,2018-01-12--2018-01-19,us,7vGuf3Y35N4wmASOKLUVVU
47,This Is Me,Keala Settle,3231729,2018-01-12--2018-01-19,us,2xGjteMU3E1tkEPVFBO08U
48,goosebumps,Travis Scott,3185587,2018-01-12--2018-01-19,us,6gBFPUFcJLzWGx4lenP6h2
49,"King's Dead (with Kendrick Lamar, Future & James Blake)",Jay Rock,3179891,2018-01-12--2018-01-19,us,51rXHuKN8Loc4sUlKPODgH
50,Thunder,Imagine Dragons,3148066,2018-01-12--2018-01-19,us,0tKcYR2II1VCQWT79i5NrW
51,Location,Khalid,3113714,2018-01-12--2018-01-19,us,152lZdxL1OR0ZMW6KquMif
52,Wanted You (feat. Lil Uzi Vert),NAV,3097151,2018-01-12--2018-01-19,us,790MhTXPFrYkrqCKvpg4t1
53,Filthy,Justin Timberlake,3082788,2018-01-12--2018-01-19,us,1L3NV7VrCiuE8C5QlhdeQL
54,Bad At Love,Halsey,2987353,2018-01-12--2018-01-19,us,7y9iMe8SOB6z3NoHE2OfXl
55,BUTTERFLY EFFECT,Travis Scott,2986060,2018-01-12--2018-01-19,us,1yxgsra98r3qAtxqiGZPiX
56,Jocelyn Flores,XXXTENTACION,2946581,2018-01-12--2018-01-19,us,7m9OqQk4RVRkw9JJdeAw96
57,The Way Life Goes (feat. Oh Wonder),Lil Uzi Vert,2914479,2018-01-12--2018-01-19,us,2eAZfqOm4EnOF9VvN50Tyc
58,Fuck Love (feat. Trippie Redd),XXXTENTACION,2903869,2018-01-12--2018-01-19,us,7AQim7LbvFVZJE3O8TYgf2
59,Unforgettable,French Montana,2788818,2018-01-12--2018-01-19,us,3B54sVLJ402zGa6Xm4YGNe
60,Spotlight,Marshmello,2788395,2018-01-12--2018-01-19,us,6VrCmhRBFnuGKmtNfk4jDs
61,Rubbin Off The Paint,YBN Nahmir,2706040,2018-01-12--2018-01-19,us,0taOCiup4HNG9LmbduVlJj
62,Sorry Not Sorry,Demi Lovato,2685785,2018-01-12--2018-01-19,us,3m660poUr1chesgkkjQM7P
63,Slippery (feat. Gucci Mane),Migos,2647609,2018-01-12--2018-01-19,us,6p8NuHm8uCGnn2Dtbtf7zE
64,Ghostface Killers,21 Savage,2628510,2018-01-12--2018-01-19,us,5u6vkDnOyaf8LsteDAj2ub
65,GUMMO,6ix9ine,2569994,2018-01-12--2018-01-19,us,2vjmyyAnDUzilFYxOlTdO1
66,Perfect Duet (Ed Sheeran & Beyoncé),Ed Sheeran,2545437,2018-01-12--2018-01-19,us,1bhUWB0zJMIKr9yVPrkEuI
67,Drowning (feat. Kodak Black),A Boogie Wit da Hoodie,2509254,2018-01-12--2018-01-19,us,1f5cbQtDrykjarZVrShaDI
68,I Miss You (feat. Julia Michaels),Clean Bandit,2479697,2018-01-12--2018-01-19,us,2xmrfQpmS2iJExTlklLoAL
69,Red Roses (feat. Landon Cube),Lil Skies,2458132,2018-01-12--2018-01-19,us,3ZhTT6yjZwpPph5MIJ53XY
70,Shape of You,Ed Sheeran,2411969,2018-01-12--2018-01-19,us,7qiZfU4dY1lWllzX7mPBI3
71,DNA.,Kendrick Lamar,2399831,2018-01-12--2018-01-19,us,6HZILIRieu8S0iqY8kIKhj
72,The Greatest Show,Hugh Jackman,2383436,2018-01-12--2018-01-19,us,43ay9lQZ5rfNcOOHhRF2cM
73,Saint,Huncho Jack,2328812,2018-01-12--2018-01-19,us,7foypmc7KZyU716Yv63BPe
74,Go Flex,Post Malone,2293803,2018-01-12--2018-01-19,us,5yuShbu70mtHXY0yLzCQLQ
75,Designer,Lil Pump,2286331,2018-01-12--2018-01-19,us,1LXbv9jiTtdBdHadZ317Gt
76,Believer,Imagine Dragons,2264684,2018-01-12--2018-01-19,us,0CcQNd8CINkwQfe1RDtGV6
77,Feel It Still,Portugal. The Man,2185732,2018-01-12--2018-01-19,us,6QgjcU0zLnzq5OrUoSZ3OK
78,Échame La Culpa,Luis Fonsi,2181884,2018-01-12--2018-01-19,us,1zsG4eaZmkA1dvjDDsAGLK
79,A Million Dreams,Ziv Zaifman,2132053,2018-01-12--2018-01-19,us,0RoA7ObU6phWpqhlC9zH4Z
80,Wait,Maroon 5,2130864,2018-01-12--2018-01-19,us,1Qg9jWGDkKAGZXj5v2OG59
81,Never Enough,Loren Allred,2119381,2018-01-12--2018-01-19,us,0Gl5s8IhMmQE5YQwM8Qx1J
82,New Freezer (feat. Kendrick Lamar),Rich The Kid,2094653,2018-01-12--2018-01-19,us,4pYZLpX23Vx8rwDpJCpPTA
83,In the Dark,Camila Cabello,2067282,2018-01-12--2018-01-19,us,1GO9vCm5Cra5uWGSWQ5mGK
84,Love Galore (feat. Travis Scott),SZA,2065042,2018-01-12--2018-01-19,us,0q75NwOoFiARAVp4EXU4Bs
85,How Long,Charlie Puth,2062460,2018-01-12--2018-01-19,us,32DGGj6KlNuBr6WaqRxpxi
86,Redbone,Childish Gambino,2056061,2018-01-12--2018-01-19,us,3kxfsdsCpFgN412fpnW85Y
87,Rake It Up (feat. Nicki Minaj),Yo Gotti,2046189,2018-01-12--2018-01-19,us,4knL4iPxPOZjQzTUlELGSY
88,She Loves Control,Camila Cabello,2030583,2018-01-12--2018-01-19,us,5HwnezK198pJCEj1l2Adjy
89,Magnolia,Playboi Carti,2027228,2018-01-12--2018-01-19,us,1e1JKLEDKP7hEQzJfNAgPl
90,The Other Side,Hugh Jackman,2015445,2018-01-12--2018-01-19,us,2cKovq3l6OJjhVVDbVKOsr
91,White Iverson,Post Malone,1982923,2018-01-12--2018-01-19,us,6eT7xZZlB2mwyzJ2sUKG6w
92,"Home (with Machine Gun Kelly, X Ambassadors & Bebe Rexha)",Machine Gun Kelly,1980993,2018-01-12--2018-01-19,us,0OI7AFifLSoGzpb8bdBLLV
93,Sensualidad,Bad Bunny,1972650,2018-01-12--2018-01-19,us,5hcisvFMidkMJlElTO9Qmw
94,Losin Control,Russ,1950413,2018-01-12--2018-01-19,us,4cxMGhkinTocPSVVKWIw0d
95,Mask Off,Future,1949766,2018-01-12--2018-01-19,us,0VgkVdmE4gld66l8iyGjgx
96,MIC Drop (feat. Desiigner) [Steve Aoki Remix],BTS,1927170,2018-01-12--2018-01-19,us,7Ed6BkggCS2KaKY5YlINaF
97,Ice Tray,Quality Control,1921945,2018-01-12--2018-01-19,us,3wdfLVUhmX64lIyWIIEW8s
98,Plain Jane REMIX (feat. Nicki Minaj),A$AP Ferg,1905525,2018-01-12--2018-01-19,us,2YzmfPLqUx5CJOaw5ThsBV
99,Attention,Charlie Puth,1890409,2018-01-12--2018-01-19,us,4iLqG9SeJSnt0cSPICSjxv
100,Sauce It Up,Lil Uzi Vert,1882184,2018-01-12--2018-01-19,us,1uL78kFWxhz3umTMWJu8n5
101,KEKE,6ix9ine,1869651,2018-01-12--2018-01-19,us,0zl3PdjIl320fK0pxBGWNR
102,Relationship (feat. Future),Young Thug,1865190,2018-01-12--2018-01-19,us,25oOaleife6E2MIKmFkPvg
103,Dubai Shit,Huncho Jack,1864605,2018-01-12--2018-01-19,us,6urLjX35oXXRYtcH1b3dCh
104,Go Legend (& Metro Boomin),Big Sean,1857332,2018-01-12--2018-01-19,us,3wAI7MIQtTgwcRmwchPZBc
105,Body Like A Back Road,Sam Hunt,1838276,2018-01-12--2018-01-19,us,7mldq42yDuxiUNn08nvzHO
106,Dark Knight Dummo (Feat. Travis Scott),Trippie Redd,1837380,2018-01-12--2018-01-19,us,3YeJXuRSNS5FYwOsDu44kD
107,Say You Won't Let Go,James Arthur,1812221,2018-01-12--2018-01-19,us,5uCax9HTNlzGybIStD3vDh
108,Into It,Camila Cabello,1810311,2018-01-12--2018-01-19,us,2gxqozTaq2NYylvS8jd57G
109,The Weekend,SZA,1804385,2018-01-12--2018-01-19,us,6gU9OKjOE7ghfEd55oRO57
110,What Ifs (feat. Lauren Alaina),Kane Brown,1803188,2018-01-12--2018-01-19,us,7zVCrzzEJU7u24sbJPXA5W
111,Everybody Dies In Their Nightmares,XXXTENTACION,1799823,2018-01-12--2018-01-19,us,3GVkPk8mqxz0itaAriG1L7
112,All These Years,Camila Cabello,1796241,2018-01-12--2018-01-19,us,4XLu3tTSZiPFVC9mmuR6Zp
113,Transportin',Kodak Black,1795078,2018-01-12--2018-01-19,us,1WIZiOuNO3woKfdlSK2gNn
114,It's A Vibe,2 Chainz,1791108,2018-01-12--2018-01-19,us,6H0AwSQ20mo62jGlPGB8S6
115,iSpy (feat. Lil Yachty),KYLE,1787029,2018-01-12--2018-01-19,us,2EEeOnHehOozLq4aS0n6SL
116,That's What I Like,Bruno Mars,1775223,2018-01-12--2018-01-19,us,0KKkJNfGyhkQ5aFogxQAPU
117,Despacito - Remix,Luis Fonsi,1757865,2018-01-12--2018-01-19,us,5CtI0qwDJkDQGwXD1H1cLb
118,Bad and Boujee (feat. Lil Uzi Vert),Migos,1751646,2018-01-12--2018-01-19,us,4Km5HrUvYTaSUfiSGPJeQR
119,I Like Me Better,Lauv,1748182,2018-01-12--2018-01-19,us,1wjzFQodRWrPcQ0AnYnvQ9
120,Bounce Back,Big Sean,1732778,2018-01-12--2018-01-19,us,0SGkqnVQo9KPytSri1H6cF
121,Tip Toe (feat. French Montana),Jason Derulo,1730209,2018-01-12--2018-01-19,us,2z4pcBLQXF2BXKFvd0BuB6
122,Dusk Till Dawn - Radio Edit,ZAYN,1730191,2018-01-12--2018-01-19,us,1j4kHkkpqZRBwE0A4CN4Yv
123,Strip That Down,Liam Payne,1730155,2018-01-12--2018-01-19,us,6EpRaXYhGOB3fj4V2uDkMJ
124,Passionfruit,Drake,1714514,2018-01-12--2018-01-19,us,7hDc8b7IXETo14hHIHdnhd
125,do re mi,blackbear,1711042,2018-01-12--2018-01-19,us,3Q3myFA7q4Op95DOpHplaY
126,The Race,Tay-K,1702054,2018-01-12--2018-01-19,us,3wGXyJGsCf1myH5MooQIqE
127,The Weekend - Funk Wav Remix,SZA,1700312,2018-01-12--2018-01-19,us,0P6AWOA4LG1XOctzaVu5tt
128,Mi Gente,J Balvin,1691375,2018-01-12--2018-01-19,us,2rb5MvYT7ZIxbKW5hfcHx8
129,Tunnel Vision,Kodak Black,1689550,2018-01-12--2018-01-19,us,4Q3N4Ct4zCuIHuZ65E3BD4
130,Crew (feat. Brent Faiyaz & Shy Glizzy),GoldLink,1686180,2018-01-12--2018-01-19,us,15EPc80XuFrb2LmOzGjuRg
131,Sober,G-Eazy,1684269,2018-01-12--2018-01-19,us,3qk4wRMDlaeagZGjSYbsOV
132,Come Alive,Hugh Jackman,1664983,2018-01-12--2018-01-19,us,5xNUR50KxswPRAvx7S163g
133,Mine,Bazzi,1664541,2018-01-12--2018-01-19,us,6tHWl8ows5JOZq9Yfaqn3M
134,Look What You Made Me Do,Taylor Swift,1656983,2018-01-12--2018-01-19,us,5troof8mcGO3AafoDbk1gc
135,Marry Me,Thomas Rhett,1656971,2018-01-12--2018-01-19,us,0OWZFobGSIW9GrSlQ9C5pc
136,La Modelo,Lean Trap,1654845,2018-01-12--2018-01-19,us,76DNqvSyzL9VCkhlnByqLf
137,"I'm the One (feat. Justin Bieber, Quavo, Chance the Rapper & Lil Wayne)",DJ Khaled,1653849,2018-01-12--2018-01-19,us,3DXncPQOG4VBw3QHh3S817
138,Love Scars,Trippie Redd,1633074,2018-01-12--2018-01-19,us,0AICBlLzFCTpUqmAbtzB2z
139,From Now On,Hugh Jackman,1612572,2018-01-12--2018-01-19,us,3IkWmgGsXbsafrunwPojXO
140,Consequences,Camila Cabello,1602091,2018-01-12--2018-01-19,us,7sTtHHrD0zDpmzQzH3zegz
141,No Role Modelz,J. Cole,1593263,2018-01-12--2018-01-19,us,62vpWI1CHwFy7tMIcSStl8
142,For You (Fifty Shades Freed) (& Rita Ora),Liam Payne,1584637,2018-01-12--2018-01-19,us,5hM6sP0Gh1jD57drszNueC
143,KOODA,6ix9ine,1584066,2018-01-12--2018-01-19,us,5NT0aZqWImC9fTzkW4z48o
144,wokeuplikethis*,Playboi Carti,1576909,2018-01-12--2018-01-19,us,59J5nzL1KniFHnU120dQzt
145,...Ready For It?,Taylor Swift,1564928,2018-01-12--2018-01-19,us,2yLa0QULdQr0qAIvVwN6B5
146,LOYALTY. FEAT. RIHANNA.,Kendrick Lamar,1561097,2018-01-12--2018-01-19,us,6SwRhMLwNqEi6alNPVG00n
147,"Pills & Automobiles (feat. Yo Gotti, A Boogie Wit Da Hoodie & Kodak Black)",Chris Brown,1543837,2018-01-12--2018-01-19,us,5gx2E5aIXMRBellPZW1up5
148,Icon,Jaden,1532299,2018-01-12--2018-01-19,us,22nyEAEM29tcBRhukR089b
149,The Way Life Goes (feat. Nicki Minaj & Oh Wonder) - Remix,Lil Uzi Vert,1521392,2018-01-12--2018-01-19,us,6GNifiuBPrKFpwNBYnooFm
150,Lust,Lil Skies,1512962,2018-01-12--2018-01-19,us,7oJrVhiTPZGBXWPwhxjy9S
151,So Far Away (feat. Jamie Scott & Romy Dya),Martin Garrix,1510726,2018-01-12--2018-01-19,us,0OlnLZY4cmQzT6ZGttvWBM
152,Closer,The Chainsmokers,1505749,2018-01-12--2018-01-19,us,7BKLCZ1jbUBVqRi2FVlTVw
153,Delicate,Taylor Swift,1501901,2018-01-12--2018-01-19,us,6NFyWDv5CjfwuzoCkw47Xf
154,T-Shirt,Migos,1497856,2018-01-12--2018-01-19,us,7KOlJ92bu51cltsD9KU5I7
155,Look At Me!,XXXTENTACION,1489530,2018-01-12--2018-01-19,us,6eYxmK9fdL4hwLnXG2zY3s
156,20 Min,Lil Uzi Vert,1482695,2018-01-12--2018-01-19,us,0uxSUdBrJy9Un0EYoBowng
157,Something Just Like This,The Chainsmokers,1472488,2018-01-12--2018-01-19,us,6RUKPb4LETWmmr3iAEQktW
158,Fake Love,Drake,1471080,2018-01-12--2018-01-19,us,343YBumqHu19cGoGARUTsd
159,Unforgettable,Thomas Rhett,1468169,2018-01-12--2018-01-19,us,30MM5jWpUmOxtTNd9Ey5LZ
160,Die For You,The Weeknd,1455811,2018-01-12--2018-01-19,us,2LBqCSwhJGcFQeTHMVGwy3
161,Modern Slavery,Huncho Jack,1453883,2018-01-12--2018-01-19,us,7J6bnDDitOwfelaJNixHhL
162,Poles 1469,Trippie Redd,1440006,2018-01-12--2018-01-19,us,4fC5jw1TI59GH1emfN1wtk
163,Something's Gotta Give,Camila Cabello,1438530,2018-01-12--2018-01-19,us,7IL3UOlcJ6nmcCMwpnlfcA
164,Don't,Bryson Tiller,1436247,2018-01-12--2018-01-19,us,3pXF1nA74528Edde4of9CC
165,Lemon,N.E.R.D,1435136,2018-01-12--2018-01-19,us,4PpuH4mxL0rD35mOWaLoKS
166,Starboy,The Weeknd,1432159,2018-01-12--2018-01-19,us,5aAx2yezTd8zXrkmtKl66Z
167,Chloraseptic (feat. 2 Chainz & Phresher) - Remix,Eminem,1428223,2018-01-12--2018-01-19,us,756ZV0boQJ6Kbk3WFBuVjD
168,Slow Hands,Niall Horan,1426548,2018-01-12--2018-01-19,us,38yBBH2jacvDxrznF7h08J
169,EL BAÑO (feat. Bad Bunny),Enrique Iglesias,1426207,2018-01-12--2018-01-19,us,2vvdTrdryjsl8DmPIMDWZU
170,Tightrope,Michelle Williams,1423451,2018-01-12--2018-01-19,us,0GVuLQtPXFaL18ijEOqoAa
171,Inside Out,Camila Cabello,1421630,2018-01-12--2018-01-19,us,5xi2SXmF3A5AIsuGXiUIZu
172,Caroline,Aminé,1410517,2018-01-12--2018-01-19,us,5hTpBe8h35rJ67eAWHQsJx
173,PRBLMS,6LACK,1406540,2018-01-12--2018-01-19,us,4AtZRwSR8BOTTQg5ihSggt
174,Wild Thoughts (feat. Rihanna & Bryson Tiller),DJ Khaled,1393211,2018-01-12--2018-01-19,us,1OAh8uOEOvTDqkKFsKksCi
175,Broccoli (feat. Lil Yachty),DRAM,1391067,2018-01-12--2018-01-19,us,7yyRTcZmCiyzzJlNzGC9Ol
176,Yours,Russell Dickerson,1390028,2018-01-12--2018-01-19,us,6RSNKGdv3nDTHqgw4bdzyF
177,X (feat. Future),21 Savage,1389072,2018-01-12--2018-01-19,us,6fwdbPMwP1zVStm8FybmkO
178,Issues,Julia Michaels,1387276,2018-01-12--2018-01-19,us,7vu0JkJh0ldukEYbTVcqd0
179,Se Preparó,Ozuna,1384609,2018-01-12--2018-01-19,us,1m69ELEgE6k5ZWsap40ozt
180,No Option,Post Malone,1380908,2018-01-12--2018-01-19,us,6M0IsaUX4GNyto4niSegfI
181,Greatest Love Story,LANCO,1380196,2018-01-12--2018-01-19,us,0kdiUZDcLIFw0Buo9r0Q4z
182,Corazón,Maluma,1374425,2018-01-12--2018-01-19,us,4lESS6vuruP6a79KWRaQou
183,Exchange,Bryson Tiller,1372209,2018-01-12--2018-01-19,us,43PuMrRfbyyuz4QpZ3oAwN
184,Praying,Kesha,1370122,2018-01-12--2018-01-19,us,0jdny0dhgjUwoIp5GkqEaA
185,There's Nothing Holdin' Me Back,Shawn Mendes,1367851,2018-01-12--2018-01-19,us,79cuOz3SPQTuFrp8WgftAu
186,Money Longer,Lil Uzi Vert,1367482,2018-01-12--2018-01-19,us,0B8QzDH7YWih85V5SEMnyJ
187,In Case You Didn't Know,Brett Young,1361992,2018-01-12--2018-01-19,us,10M2Ex445zw585Ducldzkw
188,beibs in the trap,Travis Scott,1351983,2018-01-12--2018-01-19,us,0ESJlaM8CE1jRWaNtwSNj8
189,Criminal,Natti Natasha,1345668,2018-01-12--2018-01-19,us,6Za3190Sbw39BBC77WSS1C
190,Myself,NAV,1342719,2018-01-12--2018-01-19,us,05nbZ1xxVNwUTcGwLbp7CN
191,Black & Chinese,Huncho Jack,1338161,2018-01-12--2018-01-19,us,628Ueb4sRiXApObhcU9iPU
192,When It Rains It Pours,Luke Combs,1334552,2018-01-12--2018-01-19,us,1mMLMZYXkMueg65jRRWG1l
193,Heaven,Kane Brown,1333234,2018-01-12--2018-01-19,us,1HXy5I3HTWq8OvxCn0z7G7
194,One Dance,Drake,1332772,2018-01-12--2018-01-19,us,1xznGGDReH1oQq0xzbwXa3
195,Glorious (feat. Skylar Grey),Macklemore,1325130,2018-01-12--2018-01-19,us,0CokSRCu5hZgPxcZBaEzVE
196,Lemon - Edit,N.E.R.D,1319942,2018-01-12--2018-01-19,us,2LKlHBPHxLG5ArAXfF148n
197,Saved,Khalid,1313477,2018-01-12--2018-01-19,us,248OFOZef6ShXv6DGgbnxU
198,Losing Sleep,Chris Young,1312415,2018-01-12--2018-01-19,us,6waqLPcT6ruMhmd36OhmFO
199,Sucker for You,Matt Terry,1310798,2018-01-12--2018-01-19,us,4vkVvmjIiQibQ6zJnC1Q9z
200,Stay,Zedd,1302835,2018-01-12--2018-01-19,us,0I20rLT2MJDhcF96AjbNYo
1,God's Plan,Drake,26345370,2018-01-19--2018-01-26,us,2XW4DbS6NddZxRPm5rMCeY
2,rockstar,Post Malone,8635041,2018-01-19--2018-01-26,us,7wGoVu4Dady5GV0Sv4UIsx
3,Diplomatic Immunity,Drake,8422148,2018-01-19--2018-01-26,us,5goGDc74vVREyN8al8CkPh
4,Finesse - Remix; feat. Cardi B,Bruno Mars,6831118,2018-01-19--2018-01-26,us,3Vo4wInECJQuz9BIBMOu8i
5,No Limit,G-Eazy,6657944,2018-01-19--2018-01-26,us,2DQ1ITjI0YoLFzuADN1ZBW
6,I Fall Apart,Post Malone,6557861,2018-01-19--2018-01-26,us,75ZvA4QfFiZvzhj2xkaWAh
7,Havana (feat. Young Thug),Camila Cabello,6521146,2018-01-19--2018-01-26,us,1rfofaqEpACxVEHIZBJe6W
8,Ric Flair Drip (& Metro Boomin),Offset,6355943,2018-01-19--2018-01-26,us,7sO5G9EABYOXQKNPNiE9NR
9,Bartier Cardi (feat. 21 Savage),Cardi B,5972385,2018-01-19--2018-01-26,us,75FDPwaULRdYDn4StFN2rT
10,All The Stars (with SZA),Kendrick Lamar,5946526,2018-01-19--2018-01-26,us,12SJpYZEdj4kzWZ8FPFg4Y
11,Never Be the Same,Camila Cabello,5662604,2018-01-19--2018-01-26,us,4eWQlBRaTjPPUlzacqEeoQ
12,Him & I (with Halsey),G-Eazy,5494119,2018-01-19--2018-01-26,us,5k38wzpLb15YgncyWdTZE4
13,Codeine Dreaming (feat. Lil Wayne),Kodak Black,5415717,2018-01-19--2018-01-26,us,4DTpngLjoHj5gFxEZFeD3J
14,PICK IT UP (feat. A$AP Rocky),Famous Dex,5281454,2018-01-19--2018-01-26,us,3ncgNpxLoBQ65ABk4djDyd
15,LOVE. FEAT. ZACARI.,Kendrick Lamar,5178866,2018-01-19--2018-01-26,us,6PGoSes0D9eUDeeAafB2As
16,Let You Down,NF,5113990,2018-01-19--2018-01-26,us,6mrKP2jyIQmM0rw6fQryjr
17,Stir Fry,Migos,4927600,2018-01-19--2018-01-26,us,4fndbjoz1qJyK6JcLdKfzm
18,Meant to Be (feat. Florida Georgia Line),Bebe Rexha,4712749,2018-01-19--2018-01-26,us,7iDa6hUg2VgEL1o1HjmfBn
19,Candy Paint,Post Malone,4675445,2018-01-19--2018-01-26,us,42CeaId2XNlxugDvyqHfDf
20,XO Tour Llif3,Lil Uzi Vert,4640030,2018-01-19--2018-01-26,us,7GX5flRQZVHRAGd6B4TmDO
21,Sick Boy,The Chainsmokers,4620927,2018-01-19--2018-01-26,us,7jqDzXJS0K0Re8uphYNit0
22,Rewrite The Stars,Zac Efron,4517483,2018-01-19--2018-01-26,us,630sXRhIcfwr2e4RdNtjKN
23,Sky Walker (feat. Travis Scott),Miguel,4466078,2018-01-19--2018-01-26,us,5WoaF1B5XIEnWfmb5NZikf
24,Plain Jane,A$AP Ferg,4365077,2018-01-19--2018-01-26,us,4dVpf9jZjcORqGTLUaeYj9
25,MotorSport,Migos,4356230,2018-01-19--2018-01-26,us,1YZfcVLbbJwfizR5cDOp3q
26,"Let Me Go (with Alesso, Florida Georgia Line & watt)",Hailee Steinfeld,4346609,2018-01-19--2018-01-26,us,5AEtlRudpgdT5FtNiuly6Y
27,Bank Account,21 Savage,4300419,2018-01-19--2018-01-26,us,2fQrGHiQOvpL9UgPvtYy6G
28,River (feat. Ed Sheeran),Eminem,4291324,2018-01-19--2018-01-26,us,5UEnHoDYpsxlfzWLZIc7LD
29,Congratulations,Post Malone,4142267,2018-01-19--2018-01-26,us,3a1lNhkSLSkpJE4MSHpDu9
30,HUMBLE.,Kendrick Lamar,4088656,2018-01-19--2018-01-26,us,7KXjTSCq5nL1LoYtL7XAwS
31,IDGAF,Dua Lipa,4080375,2018-01-19--2018-01-26,us,76cy1WJvNGJTj78UqeA5zr
32,Betrayed,Lil Xan,4045706,2018-01-19--2018-01-26,us,6NWl2m8asvH83xjuXVNsuG
33,Perfect,Ed Sheeran,4005746,2018-01-19--2018-01-26,us,0tgVpDi06FyKpA1z0VMD4v
34,Gucci Gang,Lil Pump,3982880,2018-01-19--2018-01-26,us,43ZyHQITOjhciSUUNPVRHc
35,Wolves,Selena Gomez,3893063,2018-01-19--2018-01-26,us,7EmGUiUaOSGDnUUQUDrOXC
36,Young Dumb & Broke,Khalid,3835506,2018-01-19--2018-01-26,us,5Z3GHaZ6ec9bsiI5BenrbY
37,I Get the Bag (feat. Migos),Gucci Mane,3745195,2018-01-19--2018-01-26,us,1XRgIKC5TPwo7nWGyKqgG0
38,Nowadays (feat. Landon Cube),Lil Skies,3731372,2018-01-19--2018-01-26,us,2u7mxWSeoqTXndK5e08jMp
39,"King's Dead (with Kendrick Lamar, Future & James Blake)",Jay Rock,3591262,2018-01-19--2018-01-26,us,51rXHuKN8Loc4sUlKPODgH
40,Mine,Bazzi,3578060,2018-01-19--2018-01-26,us,6tHWl8ows5JOZq9Yfaqn3M
41,Too Good At Goodbyes,Sam Smith,3562193,2018-01-19--2018-01-26,us,1mXVgsBdtIVeCLJnSnmtdV
42,This Is Me,Keala Settle,3550419,2018-01-19--2018-01-26,us,2xGjteMU3E1tkEPVFBO08U
43,New Rules,Dua Lipa,3545665,2018-01-19--2018-01-26,us,2ekn2ttSfGqwhhate0LSR0
44,1-800-273-8255,Logic,3470572,2018-01-19--2018-01-26,us,5tz69p7tJuGPeMGwNTxYuV
45,Roll In Peace (feat. XXXTENTACION),Kodak Black,3462219,2018-01-19--2018-01-26,us,40oKW22ZNNkEdZLJTScaQI
46,Bodak Yellow,Cardi B,3407933,2018-01-19--2018-01-26,us,2771LMNxwf62FTAdpJMQfM
47,KEKE,6ix9ine,3361621,2018-01-19--2018-01-26,us,0zl3PdjIl320fK0pxBGWNR
48,Tell Me You Love Me,Demi Lovato,3286326,2018-01-19--2018-01-26,us,5Htb1uFQ1KrkFXlefS8oGj
49,Wanted You (feat. Lil Uzi Vert),NAV,3242874,2018-01-19--2018-01-26,us,790MhTXPFrYkrqCKvpg4t1
50,Location,Khalid,3236297,2018-01-19--2018-01-26,us,152lZdxL1OR0ZMW6KquMif
51,End Game,Taylor Swift,3217448,2018-01-19--2018-01-26,us,2x0WlnmfG39ZuDmstl9xfX
52,goosebumps,Travis Scott,3125168,2018-01-19--2018-01-26,us,6gBFPUFcJLzWGx4lenP6h2
53,Silence,Marshmello,3078601,2018-01-19--2018-01-26,us,7vGuf3Y35N4wmASOKLUVVU
54,Thunder,Imagine Dragons,3056588,2018-01-19--2018-01-26,us,0tKcYR2II1VCQWT79i5NrW
55,My My My!,Troye Sivan,3004797,2018-01-19--2018-01-26,us,2Tq2R8sRftNEqdgJK5HadO
56,Jocelyn Flores,XXXTENTACION,2933632,2018-01-19--2018-01-26,us,7m9OqQk4RVRkw9JJdeAw96
57,BUTTERFLY EFFECT,Travis Scott,2908160,2018-01-19--2018-01-26,us,1yxgsra98r3qAtxqiGZPiX
58,Wait,Maroon 5,2879045,2018-01-19--2018-01-26,us,1Qg9jWGDkKAGZXj5v2OG59
59,Unforgettable,French Montana,2861309,2018-01-19--2018-01-26,us,3B54sVLJ402zGa6Xm4YGNe
60,Bad At Love,Halsey,2838481,2018-01-19--2018-01-26,us,7y9iMe8SOB6z3NoHE2OfXl
61,The Way Life Goes (feat. Oh Wonder),Lil Uzi Vert,2837007,2018-01-19--2018-01-26,us,2eAZfqOm4EnOF9VvN50Tyc
62,Fuck Love (feat. Trippie Redd),XXXTENTACION,2814550,2018-01-19--2018-01-26,us,7AQim7LbvFVZJE3O8TYgf2
63,Real Friends,Camila Cabello,2772548,2018-01-19--2018-01-26,us,3iq9nhbI8fcnNamxMft1uv
64,Red Roses (feat. Landon Cube),Lil Skies,2743080,2018-01-19--2018-01-26,us,3ZhTT6yjZwpPph5MIJ53XY
65,Sorry Not Sorry,Demi Lovato,2726019,2018-01-19--2018-01-26,us,3m660poUr1chesgkkjQM7P
66,Slippery (feat. Gucci Mane),Migos,2630711,2018-01-19--2018-01-26,us,6p8NuHm8uCGnn2Dtbtf7zE
67,What Lovers Do (feat. SZA),Maroon 5,2621769,2018-01-19--2018-01-26,us,3hBBKuWJfxlIlnd9QFoC8k
68,Rubbin Off The Paint,YBN Nahmir,2533239,2018-01-19--2018-01-26,us,0taOCiup4HNG9LmbduVlJj
69,Drowning (feat. Kodak Black),A Boogie Wit da Hoodie,2517609,2018-01-19--2018-01-26,us,1f5cbQtDrykjarZVrShaDI
70,Perfect Duet (Ed Sheeran & Beyoncé),Ed Sheeran,2450720,2018-01-19--2018-01-26,us,1bhUWB0zJMIKr9yVPrkEuI
71,Filthy,Justin Timberlake,2448004,2018-01-19--2018-01-26,us,1L3NV7VrCiuE8C5QlhdeQL
72,I Miss You (feat. Julia Michaels),Clean Bandit,2439132,2018-01-19--2018-01-26,us,2xmrfQpmS2iJExTlklLoAL
73,Shape of You,Ed Sheeran,2417657,2018-01-19--2018-01-26,us,7qiZfU4dY1lWllzX7mPBI3
74,DNA.,Kendrick Lamar,2413832,2018-01-19--2018-01-26,us,6HZILIRieu8S0iqY8kIKhj
75,Ice Tray,Quality Control,2386639,2018-01-19--2018-01-26,us,3wdfLVUhmX64lIyWIIEW8s
76,i Shyne,Carnage,2380130,2018-01-19--2018-01-26,us,0AcHbiMs86CCgprvc7E1gs
77,Saint,Huncho Jack,2349873,2018-01-19--2018-01-26,us,7foypmc7KZyU716Yv63BPe
78,The Greatest Show,Hugh Jackman,2346358,2018-01-19--2018-01-26,us,43ay9lQZ5rfNcOOHhRF2cM
79,GUMMO,6ix9ine,2321459,2018-01-19--2018-01-26,us,2vjmyyAnDUzilFYxOlTdO1
80,Go Flex,Post Malone,2304879,2018-01-19--2018-01-26,us,5yuShbu70mtHXY0yLzCQLQ
81,Ghostface Killers,21 Savage,2249597,2018-01-19--2018-01-26,us,5u6vkDnOyaf8LsteDAj2ub
82,Believer,Imagine Dragons,2240847,2018-01-19--2018-01-26,us,0CcQNd8CINkwQfe1RDtGV6
83,Never Enough,Loren Allred,2194774,2018-01-19--2018-01-26,us,0Gl5s8IhMmQE5YQwM8Qx1J
84,Feel It Still,Portugal. The Man,2163257,2018-01-19--2018-01-26,us,6QgjcU0zLnzq5OrUoSZ3OK
85,New Freezer (feat. Kendrick Lamar),Rich The Kid,2141391,2018-01-19--2018-01-26,us,4pYZLpX23Vx8rwDpJCpPTA
86,A Million Dreams,Ziv Zaifman,2137680,2018-01-19--2018-01-26,us,0RoA7ObU6phWpqhlC9zH4Z
87,Échame La Culpa,Luis Fonsi,2087060,2018-01-19--2018-01-26,us,1zsG4eaZmkA1dvjDDsAGLK
88,Spotlight,Marshmello,2077609,2018-01-19--2018-01-26,us,6VrCmhRBFnuGKmtNfk4jDs
89,Redbone,Childish Gambino,2077538,2018-01-19--2018-01-26,us,3kxfsdsCpFgN412fpnW85Y
90,Marry Me,Thomas Rhett,2074747,2018-01-19--2018-01-26,us,0OWZFobGSIW9GrSlQ9C5pc
91,Rake It Up (feat. Nicki Minaj),Yo Gotti,2044080,2018-01-19--2018-01-26,us,4knL4iPxPOZjQzTUlELGSY
92,The Other Side,Hugh Jackman,2031305,2018-01-19--2018-01-26,us,2cKovq3l6OJjhVVDbVKOsr
93,Love Galore (feat. Travis Scott),SZA,2024886,2018-01-19--2018-01-26,us,0q75NwOoFiARAVp4EXU4Bs
94,Passionfruit,Drake,2022575,2018-01-19--2018-01-26,us,7hDc8b7IXETo14hHIHdnhd
95,How Long,Charlie Puth,2001595,2018-01-19--2018-01-26,us,32DGGj6KlNuBr6WaqRxpxi
96,Magnolia,Playboi Carti,1988822,2018-01-19--2018-01-26,us,1e1JKLEDKP7hEQzJfNAgPl
97,Losin Control,Russ,1984330,2018-01-19--2018-01-26,us,4cxMGhkinTocPSVVKWIw0d
98,Mask Off,Future,1977911,2018-01-19--2018-01-26,us,0VgkVdmE4gld66l8iyGjgx
99,White Iverson,Post Malone,1976456,2018-01-19--2018-01-26,us,6eT7xZZlB2mwyzJ2sUKG6w
100,Designer,Lil Pump,1975069,2018-01-19--2018-01-26,us,1LXbv9jiTtdBdHadZ317Gt
101,Relationship (feat. Future),Young Thug,1945076,2018-01-19--2018-01-26,us,25oOaleife6E2MIKmFkPvg
102,Supplies,Justin Timberlake,1933363,2018-01-19--2018-01-26,us,4Z6YruMINNspGet1gQyYlK
103,The Weekend - Funk Wav Remix,SZA,1928280,2018-01-19--2018-01-26,us,0P6AWOA4LG1XOctzaVu5tt
104,Sensualidad,Bad Bunny,1918966,2018-01-19--2018-01-26,us,5hcisvFMidkMJlElTO9Qmw
105,Dark Knight Dummo (Feat. Travis Scott),Trippie Redd,1896128,2018-01-19--2018-01-26,us,3YeJXuRSNS5FYwOsDu44kD
106,Attention,Charlie Puth,1886623,2018-01-19--2018-01-26,us,4iLqG9SeJSnt0cSPICSjxv
107,It's A Vibe,2 Chainz,1883627,2018-01-19--2018-01-26,us,6H0AwSQ20mo62jGlPGB8S6
108,Bad and Boujee (feat. Lil Uzi Vert),Migos,1871870,2018-01-19--2018-01-26,us,4Km5HrUvYTaSUfiSGPJeQR
109,Tip Toe (feat. French Montana),Jason Derulo,1858535,2018-01-19--2018-01-26,us,2z4pcBLQXF2BXKFvd0BuB6
110,Say You Won't Let Go,James Arthur,1847593,2018-01-19--2018-01-26,us,5uCax9HTNlzGybIStD3vDh
111,What Ifs (feat. Lauren Alaina),Kane Brown,1811979,2018-01-19--2018-01-26,us,7zVCrzzEJU7u24sbJPXA5W
112,Transportin',Kodak Black,1810801,2018-01-19--2018-01-26,us,1WIZiOuNO3woKfdlSK2gNn
113,Capital Letters,Hailee Steinfeld,1809051,2018-01-19--2018-01-26,us,3towKHKVOXCCcL1fHv6xFO
114,Everybody Dies In Their Nightmares,XXXTENTACION,1797447,2018-01-19--2018-01-26,us,3GVkPk8mqxz0itaAriG1L7
115,Sauce It Up,Lil Uzi Vert,1793913,2018-01-19--2018-01-26,us,1uL78kFWxhz3umTMWJu8n5
116,Bounce Back,Big Sean,1790624,2018-01-19--2018-01-26,us,0SGkqnVQo9KPytSri1H6cF
117,Body Like A Back Road,Sam Hunt,1788964,2018-01-19--2018-01-26,us,7mldq42yDuxiUNn08nvzHO
118,iSpy (feat. Lil Yachty),KYLE,1771558,2018-01-19--2018-01-26,us,2EEeOnHehOozLq4aS0n6SL
119,Strip That Down,Liam Payne,1765513,2018-01-19--2018-01-26,us,6EpRaXYhGOB3fj4V2uDkMJ
120,That's What I Like,Bruno Mars,1758419,2018-01-19--2018-01-26,us,0KKkJNfGyhkQ5aFogxQAPU
121,The Weekend,SZA,1742265,2018-01-19--2018-01-26,us,6gU9OKjOE7ghfEd55oRO57
122,I Like Me Better,Lauv,1739739,2018-01-19--2018-01-26,us,1wjzFQodRWrPcQ0AnYnvQ9
123,Fake Love,Drake,1728241,2018-01-19--2018-01-26,us,343YBumqHu19cGoGARUTsd
124,do re mi,blackbear,1726048,2018-01-19--2018-01-26,us,3Q3myFA7q4Op95DOpHplaY
125,Go Legend (& Metro Boomin),Big Sean,1724789,2018-01-19--2018-01-26,us,3wAI7MIQtTgwcRmwchPZBc
126,Tunnel Vision,Kodak Black,1720324,2018-01-19--2018-01-26,us,4Q3N4Ct4zCuIHuZ65E3BD4
127,Crew (feat. Brent Faiyaz & Shy Glizzy),GoldLink,1715846,2018-01-19--2018-01-26,us,15EPc80XuFrb2LmOzGjuRg
128,"Home (with Machine Gun Kelly, X Ambassadors & Bebe Rexha)",Machine Gun Kelly,1704784,2018-01-19--2018-01-26,us,0OI7AFifLSoGzpb8bdBLLV
129,No Role Modelz,J. Cole,1670716,2018-01-19--2018-01-26,us,62vpWI1CHwFy7tMIcSStl8
130,MIC Drop (feat. Desiigner) [Steve Aoki Remix],BTS,1667116,2018-01-19--2018-01-26,us,7Ed6BkggCS2KaKY5YlINaF
131,The Race,Tay-K,1662787,2018-01-19--2018-01-26,us,3wGXyJGsCf1myH5MooQIqE
132,Despacito - Remix,Luis Fonsi,1662674,2018-01-19--2018-01-26,us,5CtI0qwDJkDQGwXD1H1cLb
133,Dubai Shit,Huncho Jack,1658072,2018-01-19--2018-01-26,us,6urLjX35oXXRYtcH1b3dCh
134,"I'm the One (feat. Justin Bieber, Quavo, Chance the Rapper & Lil Wayne)",DJ Khaled,1650425,2018-01-19--2018-01-26,us,3DXncPQOG4VBw3QHh3S817
135,Come Alive,Hugh Jackman,1647735,2018-01-19--2018-01-26,us,5xNUR50KxswPRAvx7S163g
136,Dusk Till Dawn - Radio Edit,ZAYN,1645271,2018-01-19--2018-01-26,us,1j4kHkkpqZRBwE0A4CN4Yv
137,Love Scars,Trippie Redd,1637513,2018-01-19--2018-01-26,us,0AICBlLzFCTpUqmAbtzB2z
138,Plain Jane REMIX (feat. Nicki Minaj),A$AP Ferg,1637027,2018-01-19--2018-01-26,us,2YzmfPLqUx5CJOaw5ThsBV
139,Miss You (with Major Lazer & Tory Lanez),Cashmere Cat,1625578,2018-01-19--2018-01-26,us,7HdZY9UJTylIiNcSDFyUDc
140,KOODA,6ix9ine,1618129,2018-01-19--2018-01-26,us,5NT0aZqWImC9fTzkW4z48o
141,LOYALTY. FEAT. RIHANNA.,Kendrick Lamar,1617747,2018-01-19--2018-01-26,us,6SwRhMLwNqEi6alNPVG00n
142,From Now On,Hugh Jackman,1605702,2018-01-19--2018-01-26,us,3IkWmgGsXbsafrunwPojXO
143,"Pills & Automobiles (feat. Yo Gotti, A Boogie Wit Da Hoodie & Kodak Black)",Chris Brown,1585751,2018-01-19--2018-01-26,us,5gx2E5aIXMRBellPZW1up5
144,Mi Gente,J Balvin,1580818,2018-01-19--2018-01-26,us,2rb5MvYT7ZIxbKW5hfcHx8
145,She Loves Control,Camila Cabello,1575611,2018-01-19--2018-01-26,us,5HwnezK198pJCEj1l2Adjy
146,T-Shirt,Migos,1569951,2018-01-19--2018-01-26,us,7KOlJ92bu51cltsD9KU5I7
147,When It Rains It Pours,Luke Combs,1568450,2018-01-19--2018-01-26,us,1mMLMZYXkMueg65jRRWG1l
148,For You (Fifty Shades Freed) (& Rita Ora),Liam Payne,1553069,2018-01-19--2018-01-26,us,5hM6sP0Gh1jD57drszNueC
149,wokeuplikethis*,Playboi Carti,1552067,2018-01-19--2018-01-26,us,59J5nzL1KniFHnU120dQzt
150,Portland,Drake,1550313,2018-01-19--2018-01-26,us,2bjwRfXMk4uRgOD9IBYl9h
151,Look What You Made Me Do,Taylor Swift,1531604,2018-01-19--2018-01-26,us,5troof8mcGO3AafoDbk1gc
152,One Dance,Drake,1510451,2018-01-19--2018-01-26,us,1xznGGDReH1oQq0xzbwXa3
153,Closer,The Chainsmokers,1509558,2018-01-19--2018-01-26,us,7BKLCZ1jbUBVqRi2FVlTVw
154,Lust,Lil Skies,1509211,2018-01-19--2018-01-26,us,7oJrVhiTPZGBXWPwhxjy9S
155,Issues,Julia Michaels,1509158,2018-01-19--2018-01-26,us,7vu0JkJh0ldukEYbTVcqd0
156,Greatest Love Story,LANCO,1505270,2018-01-19--2018-01-26,us,2yQZwi1P8AkkxxFhQ8rMEK
157,Unforgettable,Thomas Rhett,1504272,2018-01-19--2018-01-26,us,30MM5jWpUmOxtTNd9Ey5LZ
158,La Modelo,Lean Trap,1503662,2018-01-19--2018-01-26,us,76DNqvSyzL9VCkhlnByqLf
159,PRBLMS,6LACK,1503235,2018-01-19--2018-01-26,us,4AtZRwSR8BOTTQg5ihSggt
160,Don't,Bryson Tiller,1501241,2018-01-19--2018-01-26,us,3pXF1nA74528Edde4of9CC
161,Sucker for You,Matt Terry,1495439,2018-01-19--2018-01-26,us,4vkVvmjIiQibQ6zJnC1Q9z
162,Exchange,Bryson Tiller,1491425,2018-01-19--2018-01-26,us,43PuMrRfbyyuz4QpZ3oAwN
163,Heaven,Kane Brown,1482561,2018-01-19--2018-01-26,us,1HXy5I3HTWq8OvxCn0z7G7
164,Die For You,The Weeknd,1479123,2018-01-19--2018-01-26,us,2LBqCSwhJGcFQeTHMVGwy3
165,Poles 1469,Trippie Redd,1477632,2018-01-19--2018-01-26,us,4fC5jw1TI59GH1emfN1wtk
166,In Case You Didn't Know,Brett Young,1464944,2018-01-19--2018-01-26,us,10M2Ex445zw585Ducldzkw
167,20 Min,Lil Uzi Vert,1463965,2018-01-19--2018-01-26,us,0uxSUdBrJy9Un0EYoBowng
168,Something Just Like This,The Chainsmokers,1461530,2018-01-19--2018-01-26,us,6RUKPb4LETWmmr3iAEQktW
169,Yours,Russell Dickerson,1449201,2018-01-19--2018-01-26,us,6RSNKGdv3nDTHqgw4bdzyF
170,Icon,Jaden,1444234,2018-01-19--2018-01-26,us,22nyEAEM29tcBRhukR089b
171,Tightrope,Michelle Williams,1432771,2018-01-19--2018-01-26,us,0GVuLQtPXFaL18ijEOqoAa
172,Look At Me!,XXXTENTACION,1431869,2018-01-19--2018-01-26,us,6eYxmK9fdL4hwLnXG2zY3s
173,...Ready For It?,Taylor Swift,1431194,2018-01-19--2018-01-26,us,2yLa0QULdQr0qAIvVwN6B5
174,Caroline,Aminé,1427052,2018-01-19--2018-01-26,us,5hTpBe8h35rJ67eAWHQsJx
175,So Far Away (feat. Jamie Scott & Romy Dya),Martin Garrix,1420824,2018-01-19--2018-01-26,us,0OlnLZY4cmQzT6ZGttvWBM
176,The Way Life Goes (feat. Nicki Minaj & Oh Wonder) - Remix,Lil Uzi Vert,1419304,2018-01-19--2018-01-26,us,6GNifiuBPrKFpwNBYnooFm
177,'Till I Collapse,Eminem,1407116,2018-01-19--2018-01-26,us,6yr8GiTHWvFfi4o6Q5ebdT
178,Starboy,The Weeknd,1405718,2018-01-19--2018-01-26,us,5aAx2yezTd8zXrkmtKl66Z
179,Heartache On The Dance Floor,Jon Pardi,1399255,2018-01-19--2018-01-26,us,0w3Q14i073jLoew1hgJkwD
180,Myself,NAV,1398228,2018-01-19--2018-01-26,us,05nbZ1xxVNwUTcGwLbp7CN
181,X (feat. Future),21 Savage,1397926,2018-01-19--2018-01-26,us,6fwdbPMwP1zVStm8FybmkO
182,Broccoli (feat. Lil Yachty),DRAM,1390303,2018-01-19--2018-01-26,us,7yyRTcZmCiyzzJlNzGC9Ol
183,Lemon - Edit,N.E.R.D,1388336,2018-01-19--2018-01-26,us,2LKlHBPHxLG5ArAXfF148n
184,Slow Hands,Niall Horan,1388045,2018-01-19--2018-01-26,us,38yBBH2jacvDxrznF7h08J
185,Lemon,N.E.R.D,1383019,2018-01-19--2018-01-26,us,4PpuH4mxL0rD35mOWaLoKS
186,EL BAÑO (feat. Bad Bunny),Enrique Iglesias,1381936,2018-01-19--2018-01-26,us,2vvdTrdryjsl8DmPIMDWZU
187,Criminal,Natti Natasha,1375521,2018-01-19--2018-01-26,us,6Za3190Sbw39BBC77WSS1C
188,Se Preparó,Ozuna,1374344,2018-01-19--2018-01-26,us,1m69ELEgE6k5ZWsap40ozt
189,Praying,Kesha,1373727,2018-01-19--2018-01-26,us,0jdny0dhgjUwoIp5GkqEaA
190,No Option,Post Malone,1369940,2018-01-19--2018-01-26,us,6M0IsaUX4GNyto4niSegfI
191,Money Longer,Lil Uzi Vert,1369576,2018-01-19--2018-01-26,us,0B8QzDH7YWih85V5SEMnyJ
192,Saved,Khalid,1356140,2018-01-19--2018-01-26,us,248OFOZef6ShXv6DGgbnxU
193,Wild Thoughts (feat. Rihanna & Bryson Tiller),DJ Khaled,1354596,2018-01-19--2018-01-26,us,1OAh8uOEOvTDqkKFsKksCi
194,There's Nothing Holdin' Me Back,Shawn Mendes,1351812,2018-01-19--2018-01-26,us,79cuOz3SPQTuFrp8WgftAu
195,All On Me,Devin Dawson,1347532,2018-01-19--2018-01-26,us,2mfahQ0EaaZWq4cFNg6A1o
196,Best Part (feat. Daniel Caesar),H.E.R.,1333092,2018-01-19--2018-01-26,us,4OBZT9EnhYIV17t4pGw7ig
197,Corazón,Maluma,1329680,2018-01-19--2018-01-26,us,4lESS6vuruP6a79KWRaQou
198,pick up the phone,Young Thug,1328365,2018-01-19--2018-01-26,us,20dP2DaMHIAmwWAbp7peSr
199,Church,Fall Out Boy,1325542,2018-01-19--2018-01-26,us,5uMVjsPAVOc8v3iTgVkkrz
200,beibs in the trap,Travis Scott,1323642,2018-01-19--2018-01-26,us,0ESJlaM8CE1jRWaNtwSNj8
